<?xml version="1.0" encoding="UTF-8"?>
<Configuration status="INFO">
	<Appenders>
		<RollingFile name="RollingFile" fileName="D:/Developers/WorkingSpace/EclipseEE/logs/log.log"
			filePattern="D:/Developers/WorkingSpace/EclipseEE/logs/log-%d{yyyy-MM-dd}.log" append="false">

			<PatternLayout pattern="%d %5p [%c] %m%n" />
			<Policies>
				<TimeBasedTriggeringPolicy interval="1" modulate="true" />
			</Policies>
		</RollingFile>
		<Console name="Console" target="SYSTEM_OUT">
			<PatternLayout pattern="%d{yyy-MM-dd HH:mm:ss} [%-5level] %logger - %msg%n" />
		</Console>
	</Appenders>
	<Loggers>
		<Root level="TRACE">
			<AppenderRef ref="Console" level="debug" />
			<AppenderRef ref="RollingFile" level="debug" />
		</Root>
	</Loggers>
</Configuration>