<?xml version="1.0" encoding="UTF-8"?>
<!DOCTYPE mapper
  PUBLIC "-//mybatis.org//DTD Mapper 3.0//EN"
    "http://mybatis.org/dtd/mybatis-3-mapper.dtd">

<!-- 이 XML의 구조대로 구현될 클래스의 이름 => Impl클래스를 대체한다. -->
<mapper namespace="PhotoTourInfoMapper">

	<!-- Beans 클래스의 객체이름(id)과 클래스이름(type)을 명시한다. -->
	<resultMap id="phototourinfo" type="gazua.model.PhotoTourInfo">
		<!-- Beans의 멤버변수(property)이름과 대상 테이블의 컬럼(column)을 연결한다. -->
		<result property="photo_id" column="photo_id" />
		<result property="tour_id" column="tour_id" />
		<result property="dir" column="dir" />
		<result property="origin_name" column="origin_name" />
		<result property="name" column="name" />
		<result property="size" column="size" />
		<result property="content_type" column="content_type" />
		<result property="reg_date" column="reg_date" />
		<result property="edit_date" column="edit_date" />
		<result property="date" column="date" />		
		<result property="contents" column="contents" />
		<result property="tourPlan_id" column="tourPlan_id" />
		<result property="tourname" column="tourname"/>
	</resultMap>
	
	<select id="selectTourNameByPhoto"
		parameterType="gazua.model.PhotoTourInfo"
		resultMap="phototourinfo">
		SELECT tour_id, tourinfo.name as tourname, photo_id, dir,
		contents, date, tourPlan_id  
		FROM tourinfo, photo where tourinfo.id = tour_Id 
		AND tourPlan_id=#{tourPlan_id}
		ORDER BY date ASC
	</select>
</mapper>





